id,cups,procedimiento
1,82101,RESECCION DE CHALAZION VIA ANTERIOR
2,82102,RESECCION DE CHALAZION VIA POSTERIOR
3,88001,REPARACION DE HERIDA EN CEJA
4,88201,SUTURA SUPERFICIAL DE HERIDA UNICA DE PARPADO
5,88202,SUTURA SUPERFICIAL DE HERIDA MULTIPLE DE PARPADO
6,161101,EXTRACCION DE CUERPO EXTRANO EN ORBITA
7,180201,DRENAJE DE COLECCION DE CONDUCTO AUDITIVO EXTERNO
8,184101,SUTURA DE LACERACION DE PABELLON AURICULAR
9,230101,EXODONCIA DE DIENTE PERMANENTE UNIRRADICULAR
10,230102,EXODONCIA DE DIENTE PERMANENTE MULTIRRADICULAR
11,230103,EXODONCIA DE DIENTES PERMANENTES
12,230201,EXODONCIA DE DIENTE TEMPORAL UNIRRADICULAR
13,230202,EXODONCIA DE DIENTE TEMPORAL MULTIRRADICULAR
14,230203,EXODONCIA DE DIENTES TEMPORALES
15,231101,EXODONCIA QUIRURGICA UNIRRADICULAR
16,231201,EXODONCIA QUIRURGICA MULTIRRADICULAR
17,232101,OBTURACION DENTAL CON AMALGAMA +
18,232102,OBTURACION DENTAL CON RESINA DE FOTOCURADO
19,232103,OBTURACION DENTAL CON IONOMERO DE VIDRIO
20,232201,OBTURACION TEMPORAL POR DIENTE
21,232401,RECONSTRUCCION DE ANGULO INCISAL
22,232402,RECONSTRUCCION TERCIO INCISAL
23,234401,INSERCION - ADAPTACION Y CONTROL DE PROTESIS MUCOSOPORTADA TOTAL MEDIO CASO SUPERIOR O INFERIOR
24,234402,INSERCION - ADAPTACION Y CONTROL DE PROTESIS MUCOSOPORTADA TOTAL SUPERIOR E INFERIOR
25,237102,PULPOTOMIA
26,237103,PULPECTOMIA
27,237301,TERAPIA DE CONDUCTO RADICULAR EN DIENTE UNIRRADICULAR
28,237302,TERAPIA DE CONDUCTO RADICULAR EN DIENTE BIRRADICULAR
29,237304,TERAPIA DE CONDUCTO RADICULAR EN DIENTE TEMPORAL UNIRRADICULAR
30,240301,"ALISADO RADICULAR, CAMPO CERRADO"
31,243201,SUTURA DE LACERACION DE ENCIA - MENOR DE TRES CENTIMETROS
32,247401,FERULIZACION RIGIDA (SUPERIOR O INFERIOR)
33,247402,FERULIZACION SEMIRRIGIDA (SUPERIOR O INFERIOR)
34,249101,CONTROL DE HEMORRAGIA DENTAL POSQUIRURGICA
35,274901,REMOCION DE CUERPO EXTRANO EN TEJIDOS BLANDOS DE LA BOCA
36,275101,SUTURA O REPARACION DE LACERACION (HERIDA) EN LABIOS HASTA DE CINCO CENTIMETROS
37,275102,SUTURA O REPARACION DE LACERACION (HERIDA) EN LABIOS DE MAS DE CINCO CENTIMETROS
38,275104,SUTURA DE LACERACION EN LABIOS
39,275203,SUTURA DE LACERACION DE OTRA PARTE DE LA BOCA
40,389301,CATETERISMO O CANALIZACION DE VENA
41,579401,INSERCION DE DISPOSITIVO URINARIO (VESICAL)
42,579501,REEMPLAZO DE DISPOSITIVO URINARIO (VESICAL)
43,697101,INSERCION DE DISPOSITIVO INTRAUTERINO ANTICONCEPTIVO [DIU]
44,721003,PARTO INSTRUMENTADO
45,732201,PARTO INTERVENIDO CON MANIOBRAS DE VERSION
46,735301,ASISTENCIA DEL PARTO CON O SIN EPISIORRAFIA O PERINEORRAFIA
47,735980,OTRA ASISTENCIA MANUAL DEL PARTO ESPONTANEO
48,750303,EVACUACION UTERINA PARA TERMINACION DEL EMBARAZO POR OTROS METODOS
49,754101,"REMOCION MANUAL DE PLACENTA RETENIDA O REVISION UTERINA, SIN ATENCION DEL PARTO"
50,786902,"EXTRACCION DE CUERPO EXTRANO EN FALANGES (UNO O MAS) DE MANO, VIA ABIERTA"
51,797101,REDUCCION CERRADA DE LUXACION EN HOMBRO
52,829910,EXTRACCION DE CUERPO EXTRANO EN TEJIDOS BLANDOS DE DEDOS DE LA MANO
53,858101,SUTURA DE HERIDA DE MAMA
54,860207,LEISHMANIA PRUEBA [ DE MONTENEGRO ]
55,861101,DRENAJE DE COLECCION SUPERFICIAL DE PIEL O TEJIDO CELULAR SUBCUTANEO POR INCISION O ASPIRACION
56,861102,DRENAJE DE COLECCION PROFUNDA EN PIEL O TEJIDO CELULAR SUBCUTANEO POR INCISION O ASPIRACION
57,861201,EXTRACCION DE CUERPO EXTRANO EN PIEL O TEJIDO CELULAR SUBCUTANEO DE AREA GENERAL POR INCISION
58,861202,EXTRACCION DE CUERPO EXTRANO EN PIEL O TEJIDO CELULAR SUBCUTANEO DE AREA ESPECIAL POR INCISION
59,861203,EXTRACCION DE ANTICONCEPTIVOS SUBDERMICOS POR INCISION
60,861801,INSERCION DE ANTICONCEPTIVOS SUBDERMICOS
61,862701,ONICECTOMIA
62,865101,"SUTURA DE HERIDA UNICA, EN AREA GENERAL"
63,865102,"SUTURA DE HERIDA MULTIPLE, EN AREA GENERAL"
64,865201,SUTURA DE HERIDA UNICA DE CARA
65,865202,SUTURA DE HERIDA UNICA DE CARA SIN COMPROMISO DE LABIOS O PARPADOS
66,865203,"SUTURA DE HERIDA UNICA DE PLIEGUES DE FLEXION, GENITALES, MANOS Y PIES"
67,865204,SUTURA DE HERIDA MULTIPLE DE CARA
68,865205,SUTURA DE HERIDA MULTIPLE DE CARA SIN COMPROMISO DE LABIOS O PARPADOS
69,865206,"SUTURA DE HERIDA MULTIPLE DE PLIEGUES DE FLEXION, GENITALES, MANOS Y PIES"
70,865207,SUTURA DE HERIDA PARCIAL DE CUERO CABELLUDO (ESCALPE)
71,865208,"SUTURA DE AVULSION EN PABELLON AURICULAR, NARIZ, LABIOS, PARPADOS O GENITALES"
72,865210,SUTURA DE MATRIZ UNGUEAL
73,869401,RETIRO DE SUTURA EN PIEL O TEJIDO CELULAR SUBCUTANEO
74,869501,CURACION DE LESION EN PIEL O TEJIDO CELULAR SUBCUTANEO
75,870001,RADIOGRAFIA DE CRANEO SIMPLE
76,870003,RADIOGRAFIA DE BASE DE CRANEO
77,870005,RADIOGRAFIA DE MASTOIDES COMPARATIVAS
78,870101,RADIOGRAFIA DE CARA (PERFILOGRAMA)
79,870102,RADIOGRAFIA DE ORBITAS
80,870105,RADIOGRAFIA DE ARCO CIGOMATICO
81,870107,RADIOGRAFIA DE HUESOS NASALES
82,870108,RADIOGRAFIA DE SENOS PARANASALES
83,870112,RADIOGRAFIA DE MAXILAR SUPERIOR
84,870113,RADIOGRAFIA DE MAXILAR INFERIOR
85,870131,RADIOGRAFIA DE ARTICULACION TEMPOROMAXILAR [ATM]
86,870460,RADIOGRAFIAS INTRAORALES CORONALES
87,870601,RADIOGRAFIA DE TEJIDOS BLANDOS DE CUELLO
88,870602,RADIOGRAFIA DE CAVUM FARINGEO
89,871010,RADIOGRAFIA DE COLUMNA CERVICAL
90,871019,RADIOGRAFIA DE COLUMNA UNION CERVICO DORSAL
91,871020,RADIOGRAFIA DE COLUMNA TORACICA
92,871030,RADIOGRAFIA DE COLUMNA DORSOLUMBAR
93,871040,RADIOGRAFIA DE COLUMNA LUMBOSACRA
94,871050,RADIOGRAFIA DE SACRO COCCIX
95,871060,RADIOGRAFIA DE COLUMNA VERTEBRAL TOTAL
96,871062,"RADIOGRAFIA PANORAMICA DE COLUMNA (GONIOMETRIA U ORTOGRAMA) FORMATO 14"" X 17"" (NINOS)"
97,871091,RADIOGRAFIA DE ARTICULACIONES SACROILIACAS
98,871111,RADIOGRAFIA DE REJA COSTAL
99,871112,RADIOGRAFIA DE ESTERNON
100,871121,"RADIOGRAFIA DE TORAX (P.A. O A.P. Y LATERAL, DECUBITO LATERAL, OBLICUAS O LATERAL)"
101,871129,RADIOGRAFIA DE ARTICULACIONES ESTERNOCLAVICULARES
102,872002,RADIOGRAFIA DE ABDOMEN SIMPLE
103,873004,RADIOGRAFIA PARA DETECTAR EDAD OSEA [CARPOGRAMA]
104,873111,RADIOGRAFIA DE OMOPLATO
105,873112,RADIOGRAFIA DE CLAVICULA
106,873121,RADIOGRAFIA DE HUMERO
107,873122,RADIOGRAFIA DE ANTEBRAZO
108,873123,RADIOGRAFIAS COMPARATIVAS DE EXTREMIDADES SUPERIORES
109,873202,RADIOGRAFIA DE ARTICULACIONES ACROMIO CLAVICULARES COMPARATIVAS
110,873204,RADIOGRAFIA DE HOMBRO
111,873205,RADIOGRAFIA DE CODO
112,873206,RADIOGRAFIA DE PUNO O MUNECA
113,873210,RADIOGRAFIA DE MANO
114,873303,RADIOGRAFIA COMPARATIVA DE PIES CON APOYO (AP Y LATERAL)
115,873306,"RADIOGRAFIA PANORAMICA DE MIEMBROS INFERIORES (GONIOMETRIA U ORTOGRAMA), EN FORMATO 14"" X 17"" (NINOS)"
116,873312,"RADIOGRAFIA DE FEMUR (AP, LATERAL)"
117,873313,"RADIOGRAFIA DE PIERNA (AP, LATERAL)"
118,873314,RADIOGRAFIA DE ANTEVERSION TIBIAL
119,873333,"RADIOGRAFIA DE PIE (AP, LATERAL Y OBLICUA)"
120,873335,RADIOGRAFIA DE CALCANEO (AXIAL Y LATERAL)
121,873340,"RADIOGRAFIA DE MIEMBRO INFERIOR (AP, LATERAL)"
122,873411,"RADIOGRAFIA DE CADERA O ARTICULACION COXO-FEMORAL (AP, LATERAL)"
123,873412,RADIOGRAFIA DE CADERA COMPARATIVA
124,873420,"RADIOGRAFIA DE RODILLA (AP, LATERAL)"
125,873422,RADIOGRAFIA DE RODILLAS COMPARATIVAS POSICION VERTICAL (UNICAMENTE VISTA ANTEROPOSTERIOR)
126,873431,"RADIOGRAFIA DE TOBILLO (AP, LATERAL Y ROTACION INTERNA)"
127,873443,RADIOGRAFIAS COMPARATIVAS DE EXTREMIDADES INFERIORES
128,890101,ATENCION ( VISITA ) DOMICILIARIA - POR MEDICINA GENERAL
129,890103,"ATENCION (VISITA) DOMICILIARIA, POR ODONTOLOGIA GENERAL"
130,890105,ATENCION ( VISITA ) DOMICILIARIA - POR ENFERMERIA. -- INCY : PROCEDIMIENTOS REALIZADOS POR ENFERMERA PROFESIONAL O AUXILIAR DE ENFERMERIA BAJO SU ESTRICTA SUPERVISION
131,890108,ATENCION ( VISITA ) DOMICILIARIA - POR PSICOLOGIA
132,890111,"ATENCION (VISITA) DOMICILIARIA, POR FISIOTERAPIA"
133,890112,"ATENCION (VISITA) DOMICILIARIA, POR TERAPIA RESPIRATORIA"
134,890114,ATENCION ( VISITA ) DOMICILIARIA - POR PROMOTOR DE LA SALUD
135,890201,CONSULTA DE PRIMERA VEZ POR MEDICINA GENERAL
136,890203,CONSULTA DE PRIMERA VEZ POR ODONTOLOGIA GENERAL
137,890205,CONSULTA DE PRIMERA VEZ POR ENFERMERIA
138,890206,CONSULTA DE PRIMERA VEZ POR NUTRICION Y DIETETICA
139,890208,CONSULTA DE PRIMERA VEZ POR PSICOLOGIA
140,890209,CONSULTA DE PRIMERA VEZ POR TRABAJO SOCIAL
141,890211,CONSULTA DE PRIMERA VEZ POR FISIOTERAPIA
142,890301,CONSULTA DE CONTROL O DE SEGUIMIENTO POR MEDICINA GENERAL
143,890303,CONSULTA DE CONTROL O DE SEGUIMIENTO POR ODONTOLOGIA GENERAL
144,890305,CONSULTA DE CONTROL O DE SEGUIMIENTO POR ENFERMERIA
145,890306,CONSULTA DE CONTROL O DE SEGUIMIENTO POR NUTRICION Y DIETETICA
146,890308,CONSULTA DE CONTROL O DE SEGUIMIENTO POR PSICOLOGIA
147,890311,CONSULTA DE CONTROL O DE SEGUIMIENTO POR FISIOTERAPIA
148,890403,INTERCONSULTA POR ODONTOLOGIA GENERAL
149,890405,INTERCONSULTA POR ENFERMERIA
150,890406,INTERCONSULTA POR NUTRICION Y DIETETICA
151,890408,INTERCONSULTA POR PSICOLOGIA
152,890409,INTERCONSULTA POR TRABAJO SOCIAL
153,890411,INTERCONSULTA POR FISIOTERAPIA
154,890412,INTERCONSULTA POR TERAPIA RESPIRATORIA
155,890601,CUIDADO (MANEJO) INTRAHOSPITALARIO POR MEDICINA GENERAL ATENCION DIARIA
156,890609,ASISTENCIA INTRAHOSPITALARIA POR TRABAJO SOCIAL
157,890701,CONSULTA DE URGENCIAS POR MEDICINA GENERAL
158,890703,CONSULTA DE URGENCIAS POR ODONTOLOGIA GENERAL
159,890704,CONSULTA DE URGENCIAS POR ODONTOLOGIA ESPECIALIZADA
160,892901,TOMA NO QUIRURGICA DE MUESTRA O TEJIDO CERVICOVAGINAL PARA ESTUDIO CITOLOGICO
161,892904,TECNICAS DE INSPECCION VISUAL CON ACIDO ACETICO Y LUGOL
162,893805,ESPIROMETRIA O CURVA DE FLUJO VOLUMEN PRE Y POST BRONCODILATADORES
163,893812,REGISTRO DE OXIMETRIA CUTANEA
164,895004,MONITOREO AMBULATORIO DE PRESION ARTERIAL SISTEMICA
165,895101,ELECTROCARDIOGRAMA DE RITMO O DE SUPERFICIE
166,896101,MONITOREO DE PRESION ARTERIAL SISTEMICA (TELEMETRIA)
167,897011,MONITORIA FETAL ANTEPARTO
168,897012,MONITORIA FETAL INTRAPARTO
169,898003,ESTUDIO ANATOMOPATOLOGICO BASICO EN CITOLOGIA POR ASPIRACION CON AGUJA FINA [ACAF] DE CUALQUIER TEJIDO U ORGANO
170,898015,ESTUDIO ANATOMOPATOLOGICO BASICO EN CITOLOGIA CERVICOVAGINAL MANUAL
171,901001,ANTIBIOGRAMA (DISCO)
172,901002,ERITROSEDIMENTACION [ VELOCIDAD SEDIMENTACION GLOBULAR - VSG ] MANUAL
173,901003,EXTENDIDO DE SANGRE PERIFERICA ESTUDIO DE MORFOLOGIA
174,901101,BACILOSCOPIA COLORACION ACIDO ALCOHOL-RESISTENTE [ZIEHL-NEELSEN]
175,901102,COLORACION ACIDO ALCOHOL RESISTENTE MODIFICADA Y LECTURA. -- INCY : ISOSPORA BELLI - CRYPTOSPORIDIUM - ENTRE OTROS
176,901104,COLORACION AZUL DE METILENO Y LECTURA PARA CUALQUIER MUESTRA
177,901106,COLORACION GIEMSA Y LECTURA
178,901107,COLORACION GRAM Y LECTURA PARA CUALQUIER MUESTRA
179,901111,BACILOSCOPIA COLORACION ACIDO ALCOHOL RESISTENTE [ZIELH-NEELSEN] LECTURA SERIADA TRES MUESTRAS
180,901206,HEMOPARASITOS EXTENDIDO DE SANGRE PERIFERICA
181,901210,CULTIVO ESPECIAL PARA OTROS MICROORGANISMOS EN CUALQUIER MUESTRA
182,901221,PRUEBA DE TORNIQUETE [ FRAGILIDAD CAPILAR ]
183,901222,RECUENTO DE PLAQUETAS AUTOMATIZADO
184,901230,MYCOBACTERIUM TUBERCULOSIS CULTIVO
185,901232,RECUENTO DE PLAQUETAS MANUAL
186,901235,UROCULTIVO (ANTIBIOGRAMA DE DISCO)
187,901236,UROCULTIVO (ANTIBIOGRAMA CONCENTRACION MINIMA INHIBITORIA AUTOMATIZADO)
188,901237,UROCULTIVO (ANTIBIOGRAMA CONCENTRACION MINIMA INHIBITORIA MANUAL)
189,901304,EXAMEN DIRECTO FRESCO DE CUALQUIER MUESTRA
190,901305,EXAMEN DIRECTO PARA HONGOS (KOH)
191,901321,STREPTOCOCCUS BETA HEMOLITICO GRUPO A (PRUEBA DIRECTA)
192,901325,EXAMEN DIRECTO DE CUALQUIER MUESTRA
193,901326,LEISHMANIA EXAMEN DIRECTO
194,902010,ACIDO URICO EN SUERO U OTROS FLUIDOS
195,902011,ACIDO URICO EN ORINA DE 24 HORAS
196,902041,ALBUMINA EN SUERO U OTROS FLUIDOS
197,902045,TIEMPO DE PROTROMBINA [TP]
198,902049,TIEMPO DE TROMBOPLASTINA PARCIAL [TTP]
199,902204,ERITROSEDIMENTACION [VELOCIDAD SEDIMENTACION GLOBULAR - VSG] MANUAL
200,902206,EXTENDIDO DE SANGRE PERIFERICA ESTUDIO DE MORFOLOGIA
201,902207,HEMOGRAMA I (HEMOGLOBINA HEMATOCRITO Y LEUCOGRAMA) MANUAL
202,902208,HEMOGRAMA II (HEMOGLOBINA HEMATOCRITO RECUENTO DE ERITROCITOS INDICES ERITROCITARIOS LEUCOGRAMA RECUENTO DE PLAQUETAS E INDICES PLAQUETARIOS) SEMIAUTOMATIZADO
203,902209,HEMOGRAMA III (HEMOGLOBINA HEMATOCRITO RECUENTO DE ERITROCITOS INDICES ERITROCITARIOS LEUCOGRAMA RECUENTO DE PLAQUETAS INDICES PLAQUETARIOS Y MORFOLOGIA ELECTRONICA) AUTOMATIZADO
204,902210,HEMOGRAMA IV [HEMOGLOBINA. HEMATOCRITO. RECUENTO DE ERITROCITOS. INDICES ERITROCITARIOS. LEUCOGRAMA. RECUENTO DE PLAQUETAS. INDICES PLAQUETARIOS Y MORFOLOGIA ELECTRONICA E HISTOGRAMA] METODO AUTOMATICO+
205,902211,HEMATOCRITO
206,902213,HEMOGLOBINA
207,902214,HEMOPARASITOS EXTENDIDO DE GOTA GRUESA
208,902215,HEMOPARASITOS. EXTENDIDO DE SANGRE PERIFERICA *+
209,902216,LEUCOGRAMA (RECUENTO TOTAL Y DIFERENCIAL)
210,902217,PRUEBA DE TORNIQUETE [ FRAGILIDAD CAPILAR ]
211,902220,RECUENTO DE PLAQUETAS AUTOMATIZADO
212,902221,RECUENTO DE PLAQUETAS MANUAL
213,902223,RECUENTO DE RETICULOCITOS METODO MANUAL
214,902224,GLUCOSA CURVA DE TOLERANCIA. -- EXCY : 90. 3. 8. 84 - 90. 3. 8. 85 - 90. 3. 8. 86 - 90. 3. 8. 87 - 90. 3. 8. 88 - 90. 3. 8. 89 - 90. 3. 8. 90 - 90. 3. 8. 91 - 90. 3. 8. 92 - 90. 3. 8. 93 Y 90. 3. 8. 94
215,903026,MICROALBUMINURIA AUTOMATIZADA EN ORINA PARCIAL
216,903027,MICROALBUMINURIA AUTOMATIZADA EN ORINA DE 24 HORAS
217,903028,LIPASA
218,903426,HEMOGLOBINA GLICOSILADA AUTOMATIZADA
219,903427,HEMOGLOBINA GLICOSILADA MANUAL O SEMIAUTOMATIZADA
220,903801,ACIDO URICO EN SUERO U OTROS FLUIDOS
221,903802,ACIDO URICO EN ORINA DE 24 HORAS
222,903803,ALBUMINA EN SUERO U OTROS FLUIDOS
223,903804,TRANSAMINASA GLUTAMICO - PIRUVICA [ ALANINO AMINO TRANSFERASA ]
224,903805,AMILASA EN SUERO U OTROS FLUIDOS
225,903809,BILIRRUBINAS TOTAL Y DIRECTA
226,903810,CALCIO SEMIAUTOMATIZADO
227,903815,COLESTEROL DE ALTA DENSIDAD
228,903816,COLESTEROL DE BAJA DENSIDAD SEMIAUTOMATIZADO
229,903817,COLESTEROL DE BAJA DENSIDAD [LDL] AUTOMATIZADO
230,903818,COLESTEROL TOTAL
231,903822,CREATINA
232,903823,CREATININA DEPURACION
233,903824,CREATININA EN ORINA DE 24 HORAS
234,903826,CUERPOS CETONICOS O CETONAS EN ORINA
235,903828,DESHIDROGENASA LACTICA
236,903830,TOXOPLASMA GONDII ANTICUERPOS IG G AUTOMATIZADO
237,903833,FOSFATASA ALCALINA
238,903840,GLUCOSA EN ORINA
239,903841,GLUCOSA EN SUERO U OTRO FLUIDO DIFERENTE A ORINA
240,903842,GLUCOSA PRE Y POST CARGA DE GLUCOSA
241,903843,GLUCOSA PRE Y POST PRANDIAL
242,903844,GLUCOSA CURVA DE TOLERANCIA
243,903845,GLUCOSA TEST O’ SULLIVAN
244,903847,LIPASA
245,903856,NITROGENO UREICO
246,903857,NITROGENO UREICO [BUN] EN ORINA DE 24 H +
247,903859,POTASIO EN SUERO U OTROS FLUIDOS
248,903862,PROTEINAS EN ORINA DE 24 HORAS
249,903863,PROTEINAS TOTALES EN SUERO Y OTROS FLUIDOS
250,903864,SODIO EN SUERO U OTROS FLUIDOS
251,903866,TRANSAMINASA GLUTAMICO-PIRUVICA [ALANINO AMINO TRANSFERASA]
252,903867,TRANSAMINASA GLUTAMICO OXALACETICA [ASPARTATO AMINO TRANSFERASA]
253,903868,TRIGLICERIDOS
254,903869,UREA EN SANGRE U OTROS FLUIDOS
255,903876,CREATININA EN ORINA PARCIAL
256,903883,GLUCOSA SEMIAUTOMATIZADA [GLUCOMETRIA]
257,903895,CREATININA EN SUERO U OTROS FLUIDOS
258,904105,HORMONA FOLICULO ESTIMULANTE
259,904108,PROLACTINA
260,904508,GONADOTROPINA CORIONICA SUBUNIDAD BETA CUALITATIVA PRUEBA DE EMBARAZO EN ORINA O SUERO
261,904902,HORMONA ESTIMULANTE DEL TIROIDES
262,904903,HORMONA ESTIMULANTE DEL TIROIDES [TSH] NEONATAL
263,904921,TIROXINA LIBRE
264,904925,TRIYODOTIRONINA TOTAL
265,906039,TREPONEMA PALLIDUM ANTICUERPOS (PRUEBA TREPONEMICA) MANUAL O SEMIAUTOMATIZADA O AUTOMATIZADA
266,906127,TOXOPLASMA GONDII ANTICUERPOS IG G AUTOMATIZADO
267,906129,TOXOPLASMA GONDII ANTICUERPOS IG M AUTOMATIZADO
268,906205,CITOMEGALOVIRUS ANTICUERPOS IG G SEMIAUTOMATIZADO O AUTOMATIZADO
269,906206,CITOMEGALOVIRUS ANTICUERPOS IG M SEMIAUTOMATIZADO O AUTOMATIZADO
270,906207,DENGUE ANTICUERPOS IG G
271,906208,DENGUE ANTICUERPOS IG M
272,906212,HEPATITIS B. ANTIGENO E [AG HBE]
273,906214,HERPES SIMPLEX I Y II. ANTIGENOS
274,906218,HEPATITIS B ANTIGENO E [ AG HBE ] SEMIAUTOMATIZADO O AUTOMATIZADO
275,906220,SARS COV 2 [ COVID - 19 ] ANTIGENO
276,906221,PROTEINA C REACTIVA MANUAL O SEMIAUTOMATIZADO
277,906222,PRUEBA NO TREPONEMICA MANUAL
278,906223,COPROLOGICO
279,906241,RUBEOLA ANTICUERPOS IG G AUTOMATIZADO
280,906242,RUBEOLA ANTICUERPOS IG G SEMIAUTOMATIZADO
281,906243,RUBEOLA ANTICUERPOS IG M AUTOMATIZADO
282,906247,VARICELA ZOSTER ANTICUERPOS IG G SEMIAUTOMATIZADO O AUTOMATIZADO
283,906249,COPROLOGICO POR CONCENTRACION
284,906250,VIRUS DE INMUNODEFICIENCIA HUMANA PRUEBA CONFIRMATORIA
285,906270,COPROSCOPICO. -- INCY : PH - SANGRE OCULTA - AZUCARES REDUCTORES - ACTIVIDAD DE TRIPSINA Y PARASITOS
286,906271,FROTIS RECTAL ( IDENTIFICACION DE TROFOZOITOS )
287,906304,SANGRE OCULTA EN MATERIA FECAL [ GUAYACO O EQUIVALENTE ]
288,906317,SANGRE OCULTA EN MATERIA FECAL ( DETERMINACION DE HEMOGLOBINA HUMANA ESPECIFICA )
289,906318,UROANALISIS
290,906340,UROBILINOGENO EN ORINA PARCIAL
291,906610,ANTIGENO ESPECIFICO DE PROSTATA SEMIAUTOMATIZADO O AUTOMATIZADO
292,906911,FACTOR REUMATOIDEO MANUAL
293,906914,IDENTIFICACION DE OTRO VIRUS ( ESPECIFICA ) POR PRUEBAS MOLECULARES
294,906915,COOMBS DIRECTO FRACCIONADO MONOESPECIFICO ( INMUNOGLOBULINAS Y FRACCIONES DEL COMPLEMENTO ) POR MICROTECNICA
295,907001,AZUCARES REDUCTORES EN HECES
296,907002,COOMBS DIRECTO FRACCIONADO MONOESPECIFICO ( INMUNOGLOBULINAS Y FRACCIONES DEL COMPLEMENTO ) EN TUBO
297,907003,COOMBS DIRECTO CUALITATIVO POR MICROTECNICA
298,907004,COOMBS DIRECTO CUALITATIVO EN TUBO
299,907005,HEMOCLASIFICACION SISTEMA RH [ ANTIGENO RH D ] POR MICROTECNICA
300,907008,HEMOCLASIFICACION SISTEMA RH [ ANTIGENO RH D ] EN TUBO
301,907009,HEMOCLASIFICACION SISTEMA ABO DIRECTA [ HEMOCLASIFICACION GLOBULAR ] POR MICROTECNICA
302,907106,HEMOCLASIFICACION SISTEMA ABO DIRECTA [ HEMOCLASIFICACION GLOBULAR ] EN TUBO
303,907107,HEMOCLASIFICACION SISTEMA ABO INVERSA [ HEMOCLASIFICACION SERICA ] POR MICROTECNICA
304,907202,MOCO CERVICAL ANALISIS (TEST DE HELECHO)
305,908856,HEMOCLASIFICACION SISTEMA ABO INVERSA [ HEMOCLASIFICACION SERICA ] EN TUBO
306,911007,TERAPIA RESPIRATORIA INTEGRAL. -- INCY : PERCUSION - VIBRACION - DRENAJE POSTURAL - SUCCION - MICRONEBULIZACION - ACELERADOR DE FLUJO - TOS ASISTIDA O EJERCICIOS RESPIRATORIOS
307,911008,TERAPIA FISICA INTEGRAL. -- INCY : ACTIVIDADES PROPIAS A EJECUTAR EN LOS COMPONENTES SENSORIOMOTORES DEL DESEMPEAO - EJERCICIOS TERAPEUTICOS - ESTIMULACION - MECANOTERAPIA - MEDIOS FISICOS ( HIDROTERAPIA - CRIOTERAPIA - CALOR HUMEDO ) - ELECTROTERAPIA ( B
308,911009,RADIOGRAFIA DE CRANEO SIMPLE
309,911010,RADIOGRAFIA DE CARA ( PERFILOGRAMA ). -- INCY : CON CEFALOSTATO
310,911015,RADIOGRAFIA DE SENOS PARANASALES
311,911016,RADIOGRAFIA DE COLUMNA TORACICA
312,911017,RADIOGRAFIA DE COLUMNA LUMBOSACRA
313,911018,RADIOGRAFIA DE TORAX ( P. A. O A. P. Y LATERAL - DECUBITO LATERAL - OBLICUAS O LATERAL )
314,911019,RADIOGRAFIA DE ABDOMEN SIMPLE
315,911020,RADIOGRAFIA DE HUMERO
316,931001,RADIOGRAFIA DE PIE ( AP - LATERAL Y OBLICUA )
317,933701,ENTRENAMIENTO PRE - PERI Y POST PARTO
318,935001,TAPONAMIENTO VAGINAL
319,935101,INSERCION DE DISPOSITIVO EN URETRA
320,935301,LAVADO GASTRICO PARA HIPOTERMIA O CONGELACION GASTRICA
321,935302,IRRIGACION Y LAVADO DEL OJO
322,935303,APLICACION O CAMBIO DE YESO O ARNES TORACOLUMBOSACRO
323,935304,LAVADO E IRRIGACION DE OIDOS
324,935305,SUSTITUCION DE TAPON NASAL
325,935306,EXTRACCION DE TAPON NASAL
326,935401,APLICACION DE FERULA
327,935701,RETIRO DE SUTURAS DE CABEZA Y CUELLO ( RETIRO DE PUNTOS )
328,935901,APLICACION DE VENDAJE DE VELPEAU
329,936801,RETIRO DE SUTURAS DE TORAX ( RETIRO DE PUNTOS )
330,939401,MEDICACION RESPIRATORIA ADMINISTRADA MEDIANTE NEBULIZACION (AEROSOLTERAPIA)
331,939402,EXTRACCION DE TAPON ( MECHA ) VAGINAL O VULVAR
332,939403,RADIOGRAFIA DE PUAO O MUAECA
333,943102,VACUNACION COMBINADA CONTRA HAEMOPHILUS INFLUENZA TIPO B - DIFTERIA - TETANOS - TOS FERINA Y HEPATITIS B ( PENTAVALENTE )
334,944002,VACUNACION CONTRA POLIOMIELITIS ( VOP O IVP )
335,944102,VACUNACION CONTRA HEPATITIS A
336,944202,VACUNACION CONTRA HEPATITIS B
337,950601,OBTURACION TEMPORAL POR DIENTE
338,960201,INSERCION DE VIA AEREA OROFARINGEA
339,960701,INSERCION DE OTRO TUBO O SONDA NASO-GASTRICA ( INTUBACION PARA DECOMPRESION )
340,961401,EXTRACCION DE SUTURAS DE PARED ABDOMINAL
341,961601,EXTRACCION SIN INCISION DE CUERPO EXTRAAO DE CONDUCTO AUDITIVO EXTERNO
342,963101,EXTRACCION SIN INCISION DE CUERPO EXTRAAO INTRALUMINAL DE LA VAGINA
343,963301,SUTURA O REPARACION DE LACERACION ( HERIDA ) EN LABIOS DE MAS DE CINCO CENTIMETROS
344,963801,EXTRACCION DIGITAL O MANUAL DE HECES IMPACTADAS
345,963901,DERECHOS DE SALA DE CURACIONES O PROCEDIMIENTOS
346,965101,ADMINISTRACION DE TOXOIDE DE TETANOS. -- EXCY : ADMINISTRACION DE ANTITOXINA TETANICA ( 99. 4. 1. ) - VACUNAS COMBINADA QUE LO INCLUYEN
347,965201,VACUNACION CONTRA RABIA
348,965301,DERECHOS DE SALA DE PEQUEAA CIRUGIA ( SUTURAS )
349,965901,"LAVADO, IRRIGACION Y CUIDADOS DE HERIDA EN AREA GENERAL"
350,970101,SUSTITUCION DE TUBO (SONDA) NASOGASTRICO O DE ESOFAGOSTOMIA
351,971101,SUSTITUCION DE ESCAYOLA O FERULA EN MIEMBRO SUPERIOR
352,971201,SUSTITUCION DE ESCAYOLA O FERULA EN MIEMBRO INFERIOR
353,971401,SUSTITUCION DE OTRO DISPOSITIVO PARA INMOVILIZACION MUSCULOESQUELETICA
354,971601,SUSTITUCION DE TAPON O DRENAJE DE HERIDA
355,972101,TRASLADO TERRESTRE BASICO DE PACIENTES - SIMPLE ORITO ( PUTUMAYO ) A PASTO ( NARIAO )
356,972201,PSICOTERAPIA DE PAREJA POR PSICOLOGIA
357,973201,TRASLADO TERRESTRE BASICO DE PACIENTES - SIMPLE ORITO ( PUTUMAYO ) A MOCOA ( PUTUMAYO )
358,973801,TRASLADO TERRESTRE BASICO DE PACIENTES - SIMPLE ORITO ( PUTUMAYO ) A PUERTO ASIS ( PUTUMAYO )
359,974301,TRASLADO TERRESTRE BASICO DE PACIENTES - SIMPLE ORITO ( PUTUMAYO ) A VALLE DEL GUAMUEZ ( PUTUMAYO )
360,976501,EXTRACCION DE DISPOSITIVO URETRAL
361,977101,EXODONCIA DE DIENTE TEMPORAL UNIRRADICULAR
362,977501,TRASLADO TERRESTRE BASICO DE PACIENTES - SIMPLE ORITO ( PUTUMAYO ) A COLON ( PUTUMAYO )
363,978301,INTERNACION ADULTOS COMPLEJIDAD BAJA HABITACION MULTIPLE
364,981101,ATENCION ( VISITA ) DOMICILIARIA - POR ENFERMERIA. -- INCY : PROCEDIMIENTOS REALIZADOS POR ENFERMERA PROFESIONAL O AUXILIAR DE ENFERMERIA BAJO SU ESTRICTA SUPERVISION
365,981201,EXTRACCION DE CUERPO EXTRANO DE LA NARIZ SIN INCISION VIA TRANSNASAL
366,981701,CONSULTA DE CONTROL O DE SEGUIMIENTO POR NUTRICION Y DIETETICA
367,982101,EXTRACCION DE CUERPO EXTRANO SUPERFICIAL DE LA CONJUNTIVA
368,982102,EXTRACCION DE CUERPO EXTRANO SUPERFICIAL EN CORNEA O ESCLEROTICA
369,982201,EXTRACCION SIN INCISION DE CUERPO EXTRANO NO INTRALUMINAL EN CUELLO O CABEZA
370,982501,EXTRACCION SIN INCISION DE CUERPO EXTRANO NO INTRALUMINAL EN OTRO SITIO SALVO EN VULVA - PENE O ESCROTO
371,982601,EXTRACCION SIN INCISION DE CUERPO EXTRANO EN MANO
372,982701,EXTRACCION SIN INCISION DE CUERPO EXTRANO EN BRAZO Y ANTEBRAZO
373,982801,EXTRACCION SIN INCISION DE CUERPO EXTRANO EN PIE
374,982901,EXTRACCION SIN INCISION DE CUERPO EXTRANO EN MIEMBRO INFERIOR SALVO PIE
375,990101,"EDUCACION GRUPAL EN SALUD, POR MEDICINA GENERAL"
376,990103,"EDUCACION GRUPAL EN SALUD, POR ODONTOLOGIA"
377,990104,"EDUCACION GRUPAL EN SALUD, POR ENFERMERIA"
378,990105,"EDUCACION GRUPAL EN SALUD, POR NUTRICION Y DIETETICA"
379,990106,"EDUCACION GRUPAL EN SALUD, POR PSICOLOGIA"
380,990107,"EDUCACION GRUPAL EN SALUD, POR TRABAJO SOCIAL"
381,990108,"EDUCACION GRUPAL EN SALUD, POR FISIOTERAPIA"
382,990111,DEMANDA INDUCIDA CANALIZADOS ALTERACIONES DE LA EMBARAZADA
383,990112,"EDUCACION GRUPAL EN SALUD, POR HIGIENE ORAL"
384,990113,"EDUCACION GRUPAL EN SALUD, POR EQUIPO INTERDISCIPLINARIO"
385,990201,"EDUCACION INDIVIDUAL EN SALUD, POR MEDICINA GENERAL"
386,990203,"EDUCACION INDIVIDUAL EN SALUD, POR ODONTOLOGIA"
387,990204,"EDUCACION INDIVIDUAL EN SALUD, POR ENFERMERIA"
388,990205,"EDUCACION INDIVIDUAL EN SALUD, POR NUTRICION Y DIETETICA"
389,990206,"EDUCACION INDIVIDUAL EN SALUD, POR PSICOLOGIA"
390,990207,"EDUCACION INDIVIDUAL EN SALUD, POR TRABAJO SOCIAL"
391,990211,CONSULTA DE PRIMERA VEZ POR NUTRICION Y DIETETICA
392,990212,"EDUCACION INDIVIDUAL EN SALUD, POR HIGIENE ORAL"
393,991402,APLICACION INMUNOGLOBULINA ANTIRRABICA
394,991403,APLICACION INMUNOGLOBULINA ANTITETANICA
395,991601,INYECCION DE ANTIDOTO
396,991801,INFUSION O ADMINISTRACION DE SOLUCIONES DE LIQUIDOS Y ELECTROLITOS
397,992102,INYECCION O INFUSION DE ANTIBIOTICO
398,992201,INYECCION O INFUSION DE SUSTANCIA HORMONAL
399,992990,INYECCION O INFUSION DE OTRA SUSTANCIA TERAPEUTICA O PROFILACTICA
400,993102,VACUNACION CONTRA FIEBRE AMARILLA
401,993103,VACUNACION CONTRA MENINGOCOCO (AC O BC)
402,993104,VACUNACION CONTRA SARAMPION. -- EXCY : VACUNACION COMBINADA CONTRA SARAMPION - PAROTIDITIS Y RUBEOLA [ SRP ] ( TRIPLE VIRAL ) ( 99. 3. 5. 22 )
403,993105,VACUNACION CONTRA PAROTIDITIS. -- EXCY : VACUNACION COMBINADA CONTRA SARAMPION - PAROTIDITIS Y RUBEOLA [ SRP ] ( TRIPLE VIRAL ) ( 99. 3. 5. 22 )
404,993106,VACUNACION CONTRA RUBEOLA. -- EXCY : VACUNACION COMBINADA CONTRA SARAMPION - PAROTIDITIS Y RUBEOLA [ SRP ] ( TRIPLE VIRAL ) ( 99. 3. 5. 22 )
405,993107,CONSEJERIA EN VIH
406,993120,VACUNACION CONTRA VARICELA
407,993122,VACUNACION CONTRA INFLUENZA
408,993130,VACUNACION CONTRA ROTAVIRUS
409,993501,VACUNACION COMBINADA CONTRA SARAMPION Y RUBEOLA [ SR ] ( DOBLE VIRAL )
410,993502,VACUNACION COMBINADA CONTRA SARAMPION - PAROTIDITIS Y RUBEOLA [ SRP ] ( TRIPLE VIRAL )
411,993503,ADMINISTRACION DE ANTITOXINA TETANICA
412,993504,ADMINISTRACION DE ANTITOXINA DIFTERICA
413,993505,CONSULTA DE PRIMERA VEZ POR ENFERMERIA
414,993506,VIH - PRUEBA RAPIDA
415,993507,HEPATITIS B - PRUEBA RAPIDA
416,993508,DENGUE - ANTICUERPOS [ IG G - IG M ] - PRUEBA RAPIDA
417,993509,ANTIBIOGRAMA ( DISCO )
418,993510,ANTIBIOGRAMA CONCENTRACION MINIMA INHIBITORIA METODO AUTOMATIZADO
419,993512,ANTIBIOGRAMA CONCENTRACION MINIMA INHIBITORIA METODO MANUAL
420,993513,VACUNACION CONTRA VIRUS PAPILOMA HUMANO [VPH]
421,993520,BACILOSCOPIA COLORACION ACIDO ALCOHOL - RESISTENTE [ ZIEHL - NEELSEN ]
422,993522,COLORACION ACIDO ALCOHOL RESISTENTE MODIFICADA Y LECTURA. -- INCY : ISOSPORA BELLI - CRYPTOSPORIDIUM - ENTRE OTROS
423,994101,COLORACION AZUL DE METILENO Y LECTURA PARA CUALQUIER MUESTRA
424,994301,COLORACION GIEMSA Y LECTURA
425,995201,OTRA VACUNACION DEL PROGRAMA AMPLIADO DE INMUNIZACIONES
426,995202,ADMINISTRACION VACUNA SARS COV 2 [ COVID-19 ]
427,997002,PSICOTERAPIA FAMILIAR POR PSICOLOGIA
428,997103,PSICOTERAPIA DE GRUPO POR PSICOLOGIA
429,997105,APLICACION DE RESINA PREVENTIVA
430,997106,VACUNACION CONTRA TUBERCULOSIS [ BCG ]
431,997107,VACUNACION CONTRA HAEMOPHILUS INFLUENZA TIPO B
432,997301,ADMINISTRACION DE TOXOIDE DIFTERICO. -- EXCY : ADMINISTRACION DE ANTITOXINA DIFTERICA ( 99. 4. 3. ) - VACUNAS COMBINADA QUE LO INCLUYEN
433,1906317,COPROCULTIVO. -- INCY : IDENTIFICACION GENERO O ESPECIE
434,9062081,CULTIVO ESPECIAL PARA OTROS MICROORGANISMOS EN CUALQUIER MUESTRA
435,9062082,SUTURA DE LACERACION DE ENCIA - MENOR DE TRES CENTIMETROS
436,082101,RESECCION DE CHALAZION VIA ANTERIOR
437,082102,RESECCION DE CHALAZION VIA POSTERIOR
438,088201,SUTURA SUPERFICIAL DE HERIDA UNICA DE PARPADO
439,088202,SUTURA SUPERFICIAL DE HERIDA MULTIPLE DE PARPADO
440,129B01,INTERNACION ADULTOS COMPLEJIDAD BAJA HABITACION INDIVIDUAL (INCLUYE AISLAMIENTO)
441,129B02,INTERNACION ADULTOS COMPLEJIDAD BAJA HABITACION MULTIPLE
443,5DS002,DERECHOS DE SALA DE CURACIONES O PROCEDIMIENTOS
444,5DS003,DERECHOS DE SALA DE PEQUENA CIRUGIA (SUTURAS)
445,5DS004,DERECHOS DE SALA DE YESOS
446,5DSB01,DERECHOS DE SALA DE OBSERVACION EN URGENCIAS COMPLEJIDAD BAJA
447,601T01,TRASLADO ASISTENCIAL BASICO TERRESTRE PRIMARIO
448,601T02,TRASLADO ASISTENCIAL BASICO TERRESTRE SECUNDARIO
457,906249PR,PRUEBA DE MEZCLAS DEL TIEMPO DE TROMBOPLASTINA PARCIAL
476,90DS02,ELECTROCARDIOGRAMA DE RITMO O DE SUPERFICIE
553,P0000002,CONSEJERIA EN VIH
554,P0000003,DEMANDA INDUCIDA CANALIZADOS ALTERACIONES DE LA EMBARAZADA
555,P0000008,DEMANDA INDUCIDA CANALIZADOS CANCER DE SENO
556,P0000009,DEMANDA INDUCIDA CANALIZADOS CRECIMIENTO Y DESARROLLO
557,P0000010,DEMANDA INDUCIDA CANALIZADOS PLANIFICACION FAMILIAR
558,P0000011,DEMANDA INDUCIDA CANALIZADOS SALUD BUCAL
559,P0000012,DEMANDA INDUCIDA CANALIZADOS TOMA DE CITOLOGIA
560,P0000013,DEMANDA INDUCIDA CANALIZADOS VACUNACION PAI
561,P0000014,DEMANDA INDUCIDA CANALIZADOS VALORACION DEL JOVEN
562,P0000081,TOMA DE MUESTRA VIH 1 Y 2 - ANTICUERPOS
563,P0000221,CONSULTA PRIORITARIA - MEDICINA GENERAL
564,P0000288,TOMA DE MUESTRA - HEPATITIS B - ANTIGENO DE SUPERFICIE [AG HBS]
565,P0000775,VIH - PRUEBA RAPIDA
566,P0000776,HEPATITIS B - PRUEBA RAPIDA
567,P0000777,DENGUE - ANTICUERPOS [ IG G - IG M ] - PRUEBA RAPIDA
568,P0000778,SALA EDA ( ENFERMEDAD DIARREICA AGUDA )
569,P0000779,SALA IRA ( INFECCION RESPIRATORIA AGUDA )
570,P0001244,TOMA DE MUESTRA CULTIVO ESPECIALES PARA OTROS MICROORGANISMOS
571,P0001245,TOMA DE MUESTRA GONADOTROPINA CORIONICA - SUBUNIDAD BETA CUALITATIVA - [BHCG] PRUEBA DE EMBARAZO EN ORINA O SUERO
572,P0001246,TOMA DE MUESTRA QUIMICA SANGUINEA
573,P0001619,CONSULTA DE PRIMERA VEZ - MEDICINA GENERAL POR TELECONSULTA
574,P0001620,CONSULTA DE CONTROL O DE SEGUIMIENTO - MEDICINA GENERAL POR TELECONSULTA
575,P0001621,SUTURA DE HERIDA UNICA - EN AREA GENERAL
576,P0001852,ATENCION ( VISITA ) DOMICILIARIA - POR MEDICINA GENERAL - EXPEDICION CERTIFICADO DEFUNCION
577,P0001853,TRANSPORTE DE CUALQUIER MUESTRA ( EVENTOS INTERES EN SALUD PUBLICA )
578,T0000709,CONSULTA DE CONTROL O DE SEGUIMIENTO POR ENFERMERIA
579,T0000710,EXTRACCION DE DISPOSITIVO ANTICONCEPTIVO INTRAUTERINO ( DIU )
580,T0000711,INSERCION DE DISPOSITIVO INTRAUTERINO ANTICONCEPTIVO [ DIU ]
581,T0000712,EXTRACCION DE ANTICONCEPTIVOS SUBDERMICOS POR INCISION
582,T0001388,ATENCION ( VISITA ) DOMICILIARIA - POR MEDICINA GENERAL
583,T0001630,TRANSPORTE TERRESTRE DOMICILIARIO DE MEDICAMENTOS - SIMPLE - ZONA URBANA
584,T0001634,TRANSPORTE TERRESTRE DOMICILIARIO DE MEDICAMENTOS - SIMPLE - ZONA RURAL
585,10000,TRASLADO TERRESTRE BASICO DE PACIENTES - SECUNDARIO - A MOCOA (MEDICO).
586,10003,TRASLADO TERRESTRE BASICO DE PACIENTES - SECUNDARIO - A POPAYAN (MEDICO)
587,10200,TRASLADO TERRESTRE BASICO DE PACIENTES - SECUNDARIO - A COLON (MEDICO).
588,12333,ENEMA O IRRIGACION TRANSANAL
589,25142,AFINAMIENTO PRESION ARTERIAL SISTEMICA
590,38700,TRASLADO ASISTENCIAL BASICO TERRESTRE PRIMARIO URBANO + MEDICO
591,39601,TRASLADO ASISTENCIAL BASICO TERRESTRE PRIMARIO URBANO + MEDICO
592,40500,TRASLADO ASISTENCIAL BASICO TERRESTRE PRIMARIO RURAL + MEDICO
593,42300,TRASLADO ASISTENCIAL BASICO TERRESTRE PRIMARIO RURAL + MEDICO
594,70000,TRASLADO TERRESTRE BASICO DE PACIENTES - SECUNDARIO - A PASTO (MEDICO).
595,70003,TRASLADO TERRESTRE BASICO DE PACIENTES - SECUNDARIO - A PITALITO- HUILA (MEDICO ).
596,80000,TRASLADO TERRESTRE BASICO DE PACIENTES - SECUNDARIO - A NEIVA (MEDICO).
597,110001,TRASLADO TERRESTRE BASICO DE PACIENTES - SECUNDARIO - PUERTO ASIS (MEDICO).
598,110006,TRASBADO BASICO A LAGO AGRIO CON AUXILIAR + MEDICO
599,110018,TRASLADO TERRESTRE BASICO DE PACIENTES - SECUNDARIO - VALLE DEL GUAMUEZ (MEDICO).
600,231100,EXODONCIA QUIRURGICA UNIRRADICULAR SOD
601,231200,EXODONCIA QUIRURGICA MULTIRRADICULAR SOD
602,231301,EXODONCIA DE INCLUIDO EN POSICION ECTOPICA CON ABORDAJE INTRAORAL +
603,231302,EXODONCIA DE INCLUIDO EN POSICION ECTOPICA CON ABORDAJE EXTRAORAL +
604,231303,EXODONCIA DE DIENTE INCLUIDO
605,231400,EXODONCIAS MULTIPLES CON ALVEOLOPLASTIA. POR CUADRANTE SOD
606,232104,OBTURACION DENTAL
607,232200,OBTURACION TEMPORAL POR DIENTE SOD
608,235100,REIMPLANTE DE DIENTE SOD
609,237101,PULPOTOMIA CON PULPECTOMIA +
610,240200,DETARTRAJE SUBGINGIVAL SOD +
611,240300,"ALISADO RADICULAR, CAMPO CERRADO SOD"
612,240400,DRENAJE DE COLECCION PERIODONTAL (CERRADO CON ALISADO RADICULAR) SOD+
613,244109,RESECCION DE LESION ODONTOGENICA SOD
614,249100,CONTROL DE HEMORRAGIA DENTAL POS QUIRURGICA SOD +
615,869500,CURACION DE LESION EN PIEL O TEJIDO CELULAR SUBCUTANEO SOD +
616,870004,RADIOGRAFIA DE SILLA TURCA
617,870006,RADIOGRAFIA DE PENASCOS
618,870007,RADIOGRAFIA DE CONDUCTO AUDITIVO INTERNO
619,870103,RADIOGRAFIA DE AGUJEROS OPTICOS
620,870104,RADIOGRAFIA DE MALAR
621,870114,RADIOGRAFIA PANORAMICA DE MAXILARES. SUPERIOR E INFERIOR (ORTOPANTOMOGRAFIA)
622,870603,RADIOGRAFIA DE FARINGE [FARINGOGRAFIA] +
623,871070,RADIOGRAFIA DINAMICA DE COLUMNA VERTEBRAL
624,873311,RADIOGRAFIA DE ANTEVERSION FEMORAL
625,895005,MONITOREO AMBULATORIO DE PRESION ARTERIAL CENTRAL
626,898302,AUTOPSIA [NECROPSIA] PARCIAL (VICEROTOMIA)
627,901306,EXAMEN DIRECTO PARA HONGOS CON CALCOFLUOR§
628,901323,MYCOBACTERIUM LEPRAE PRUEBA DE VIABILIDAD
629,901324,FILARIA EXAMEN DIRECTO
630,902042,TIEMPO ACTIVADO DE COAGULACION
631,902043,TIEMPO DE COAGULACION
632,902205,ERITROSEDIMENTACION [VELOCIDAD SEDIMENTACION GLOBULAR - VSG] AUTOMATIZADA §
633,903436,"TROPONINA I, CUALITATIVA"
634,903437,"TROPONINA I, CUANTITATIVA"
635,903438,TROPONINA T. CUALITATIVA
636,903439,TROPONINA T. CUANTITATIVA +
637,903825,CREATININA EN ORINA PARCIAL
638,903836,FOSFORO EN ORINA DE 24 HORAS
639,903860,POTASIO EN ORINA DE 24 H *+
640,903865,SODIO EN ORINA DE 24 HORAS *+
641,906040,TREPONEMA PALLIDUM ANTICUERPOS IG G SEMIAUTOMATIZADO O AUTOMATIZADO
642,906041,TREPONEMA PALLIDUM ANTICUERPOS IG M SEMIAUTOMATIZADO O AUTOMATIZADO
643,906219,HEPATITIS A ANTICUERPOS TOTALES SEMIAUTOMATIZADO O AUTOMATIZADO
644,906234,INFLUENZA TIPO A ANTICUERPOS IG G
645,906611,ANTIGENO ESPECIFICO DE PROSTATA FRACCION LIBRE SEMIAUTOMATIZADO O AUTOMATIZADO
646,906916,SIFILIS SEROLOGIA PRESUNTIVA (CARDIOLIPINA O VDRL)
647,908436,DETECCION VIRUS DEL PAPILOMA HUMANO PRUEBAS DE ADN
648,908873,MYCOBACTERIUM TUBERCULOSIS IDENTIFICACION POR PRUEBAS MOLECULARES (ESPECIFICO)
649,908885,MYCOBACTERIUM TUBERCULOSIS PRUEBAS DE SENSIBILIDAD POR PRUEBAS MOLECULARES (ESPECIFICO)
650,933700,"ENTRENAMIENTO PRE, PERI Y POST PARTO SOD"
651,935000,"INMOVILIZACION, PRESION Y CUIDADO DE HERIDA SOD"
652,970100,SUSTITUCION DE TUBO (SONDA) NASOGASTRICO O DE ESOFAGOSTOMIA SOD
653,970200,SUSTITUCION DE TUBO (SONDA) DE GASTROSTOMIA SOD
654,972200,SUSTITUCION DE TAPON DENTAL SOD
655,977100,EXTRACCION DE DISPOSITIVO ANTICONCEPTIVO INTRAUTERINO (DIU) SOD
656,978801,EXTRACCION NO QUIRURGICA DE DISPOSITIVO DE INMOVILIZACION EXTERN
657,990213,"EDUCACION INDIVIDUAL EN SALUD, POR EQUIPO INTERDISCIPLINARIO"
658,990221,"EDUCACION INDIVIDUAL EN SALUD, POR EQUIPO INTERDISCIPLINARIO Y COMUNICACION EN POBLACION INFANTIL Y ADOLESCENTE"
659,990222,"EDUCACION INDIVIDUAL EN SALUD, POR EQUIPO INTERDISCIPLINARIO Y COMUNICACION EN POBLACION DE HOMBRES Y MUJERES EN EDAD FERTIL"
660,990223,"EDUCACION INDIVIDUAL EN SALUD, POR EQUIPO INTERDISCIPLINARIO Y COMUNICACION EN POBLACION DE MUJERES GESTANTES Y LACTANTES"
661,990224,"EDUCACION INDIVIDUAL EN SALUD, POR EQUIPO INTERDISCIPLINARIO Y COMUNICACION EN POBLACION DE ADULTO MAYOR"
662,991800,SALA EDA ( ENFERMEDAD DIARREICA AGUDA )
663,992901,INYECCION DE VITAMINA K
664,993123,"VACUNACION COMBINADA CONTRA HAEMOPHILUS INFLUENZA TIPO B, DIFTERIA,TETANOS Y TOS FERINA (TETRAVALENTE)"
665,993124,"VACUNACION COMBINADA CONTRA DIFTERIA, TETANOS, TOS FERINA Y HEPATITIS B (TETRAVALENTE)"
666,993125,"VACUNACION COMBINADA CONTRA DIFTERIA, TETANOS, TOS FERINA Y POLIOMELITIS (IVP)"
667,993131,VACUNACION COMBINADA CONTRA HAEMOPHILUS INFLUENZA TIPO B. DIFTERIA. TETANOS. TOS FERINA Y POLIOMELITIS IVP (PENTAVALENTE) +
668,993521,VACUNACION COMBINADA CONTRA HEPATITIS A Y HEPATITIS B
669,994100,ADMINISTRACION DE ANTITOXINA TETANICA SOD
670,997101,APLICACION DE SELLANTES DE AUTOCURADO
671,997102,APLICACION DE SELLANTES DE FOTOCURADO
672,997104,TOPICACION DE FLUOR EN SOLUCION
673,997310,CONTROL DE PLACA DENTAL
674,9310011,TERAPIA FISICA INTEGRAL. -- INCY : ACTIVIDADES PROPIAS A EJECUTAR EN LOS COMPONENTES SENSORIOMOTORES DEL DESEMPEA‘O - EJERCICIOS TERAPEUTICOS - ESTIMULACION - MECANOTERAPIA - MEDIOS FISICOS ( HIDROTERAPIA - CRIOTERAPIA - CALOR HUMEDO ) - ELECTROTERAPIA
675,91010816,PRESERVATIVOS (UND)
676,91011354,DISPRO_PRO_POSITIVO INTRAUTERINO T DE COBRE (UND)
677,10000AUX,TRASLADO TERRESTRE BASICO DE PACIENTES - SECUNDARIO - A MOCOA (AUXILIAR).
678,10003AUX,TRASLADO TERRESTRE BASICO DE PACIENTES - SECUNDARIO - A POPAYAN (AUXILIAR)
679,10200AUX,TRASLADO TERRESTRE BASICO DE PACIENTES - SECUNDARIO - A COLON (AUXILIAR).
680,110001AUX,TRASLADO TERRESTRE BASICO DE PACIENTES - SECUNDARIO - PUERTO ASIS (AUXILIAR).
681,110006AUX,TRASBADO BASICO A LAGO AGRIO CON AUXILIAR
682,110018AUX,TRASLADO TERRESTRE BASICO DE PACIENTES - SECUNDARIO - VALLE DEL GUAMUEZ (AUXILIAR).
683,38700AUX,TRASLADO ASISTENCIAL BASICO TERRESTRE PRIMARIO URBANO + AUXILIAR
684,39601AUX,TRASLADO ASISTENCIAL BASICO TERRESTRE PRIMARIO URBANO + AUXILIAR
685,40500AUX,TRASLADO ASISTENCIAL BASICO TERRESTRE PRIMARIO RURAL + AUXILIAR
686,42300AUX,TRASLADO ASISTENCIAL BASICO TERRESTRE PRIMARIO RURAL + AUXILIAR
687,601T02FLOREN,TRASLADO TERRESTRE BASICO DE PACIENTES - SECUNDARIO - FLORENCIA (MEDICO).
688,601T02FLORENAUX,TRASLADO TERRESTRE BASICO DE PACIENTES - SECUNDARIO - FLORENCIA (AUXILIAR).
689,70000AUX,TRASLADO TERRESTRE BASICO DE PACIENTES - SECUNDARIO - A PASTO (AUXILIAR).
690,70003AUX,TRASLADO TERRESTRE BASICO DE PACIENTES - SECUNDARIO - A PITALITO- HUILA ( AUXILIAR).
691,80000AUX,TRASLADO TERRESTRE BASICO DE PACIENTES - SECUNDARIO - A NEIVA (AUXILIAR).
692,890101UR,"ATENCION (VISITA URBANA) DOMICILIARIA, POR MEDICINA GENERAL"
693,890103UR,"ATENCION (VISITA URBANA) DOMICILIARIA, POR ODONTOLOGIA GENERAL"
694,890105UR,"ATENCION (VISITA URBANA) DOMICILIARIA, POR ENFERMERIA"
695,890108UR,"ATENCION (VISITA URBANA) DOMICILIARIA, POR PSICOLOGIA"
696,890111UR,"ATENCION (VISITA URBANA) DOMICILIARIA, POR FISIOTERAPIA"
697,890201-ADULTO,CONSULTA DE PRIMERA VEZ POR MEDICINA GENERAL DE ADULTO MAYOR
698,890201-CYD,CONSULTA DE PRIMERA VEZ POR MEDICINA GENERAL CYD
699,890201-HOMBRES,CONSULTA DE PRIMERA VEZ POR MEDICO A HOMBRES
700,890201-JOVEN,CONSULTA DE PRIMERA VEZ POR MEDICINA GENERAL DE JOVEN
701,890201-MUJERES,CONSULTA DE PRIMERA VEZ POR MEDICO A MUJERES
702,890201-PYP,CONSULTA DE PRIMERA VEZ POR MEDICINA GENERAL
703,890203-PYP,CONSULTA DE PRIMERA VEZ POR ODONTOLOGIA GENERAL(5315)
704,890301-CPN,CONSULTA DE CONTROL O DE SEGUIMIENTO POR MEDICINA GENERAL DE CPN
705,890301-MUJERES,CONSULTA DE CONTROL POR MEDICO A MUJERES
706,890303REMISION,
707,890305-CPN,CONSULTA DE CONTROL O DE SEGUIMIENTO POR ENFERMERIA DE CPN
708,890305-MUJERES,CONSULTA DE CONTROL O DE SEGUIMIENTO POR ENFERMERIA A MUJERES
709,890305-PYP,CONSULTA DE CONTROL POR MEDICO O ENFEMERA
710,890601AH,CUIDADO (MANEJO) INTRAHOSPITALARIO POR MEDICINA GENERAL
711,890601H,DERECHOS DE SALA DE PEQUEAA CIRUGIA ( SUTURAS )
712,896102,MONITOREO DE PRESION ARTERIAL SISTEMICA (TELEMETRIA)
713,901107-PYP,COLORACION GRAM Y LECTURA PARA CUALQUIER MUESTRA *+(5691)
714,901235-PYP,UROCULTIVO [ANTIBIOGRAMA DE DISCO]+(5734)
715,902207-PYP,HEMOGRAMA I (HEMOGLOBINA HEMATOCRITO Y LEUCOGRAMA) MANUAL(34821)
716,902214-PYP,HEMOPARASITOS. EXTENDIDO DE GOTA GRUESA *+(5858)
717,903815-PYP,COLESTEROL DE ALTA DENSIDAD [HDL](6037)
718,903816-PYP,COLESTEROL DE BAJA DENSIDAD SEMIAUTOMATIZADO(6038)
719,903818-PYP,COLESTEROL TOTAL(6040)
720,903841-PYP,GLUCOSA EN SUERO. LCR U OTRO FLUIDO DIFERENTE A ORINA(6064)
721,903868-PYP,TRIGLICERIDOS +(6091)
722,903876-PYP,CREATININA EN ORINA PARCIAL(29843)
723,906249-PYP,VIRUS DE INMUNODEFICIENCIA HUMANA 1 Y 2 ANTICUERPOS(35057)
724,906915-PYP,PRUEBA NO TREPONEMICA MANUAL(35179)
725,907106-PYP,UROANALISIS(35182)
726,911015-PYP,HEMOCLASIFICACION SISTEMA RH [ANTIGENO RH D] POR MICROTECNICA(31683)
727,950601-AV,MEDICION DE AGUDEZA VISUAL(31712)-AGUDEZA
728,950601-SP,MEDICION DE AGUDEZA VISUAL(31712)-SALUD PUBLICA
729,993509-SP,VACUNACION CONTRA VARICELA(11201)-SALUD PUBLICA
730,993509-V,VACUNACION CONTRA VARICELA(11201)-CONTRA VARICELA
731,E906845,RUBEOLA ANTICUERPOS IG G AUTOMATIZADO
